Reflectance ,Wavelength 
2.629813e-02,3.680000e-01
2.889221e-02,3.690000e-01
2.066779e-02,3.700000e-01
2.276793e-02,3.710000e-01
2.489861e-02,3.720000e-01
2.459729e-02,3.730000e-01
2.334568e-02,3.740000e-01
3.032818e-02,3.750000e-01
2.568648e-02,3.760000e-01
2.123758e-02,3.770000e-01
1.832990e-02,3.780000e-01
2.373564e-02,3.790000e-01
2.785479e-02,3.800000e-01
2.367878e-02,3.810000e-01
1.616391e-02,3.820000e-01
1.950807e-02,3.830000e-01
2.485674e-02,3.840000e-01
2.827338e-02,3.850000e-01
2.630864e-02,3.860000e-01
2.674817e-02,3.870000e-01
3.036657e-02,3.880000e-01
3.142963e-02,3.890000e-01
2.635666e-02,3.900000e-01
3.020767e-02,3.910000e-01
2.649749e-02,3.920000e-01
2.671597e-02,3.930000e-01
3.248033e-02,3.940000e-01
2.708665e-02,3.950000e-01
3.250318e-02,3.960000e-01
3.361678e-02,3.970000e-01
3.585832e-02,3.980000e-01
3.039382e-02,3.990000e-01
3.582332e-02,4.000000e-01
3.464515e-02,4.010000e-01
4.026572e-02,4.020000e-01
3.406461e-02,4.030000e-01
3.280255e-02,4.040000e-01
3.835663e-02,4.050000e-01
3.402239e-02,4.060000e-01
3.327684e-02,4.070000e-01
4.072434e-02,4.080000e-01
3.798608e-02,4.090000e-01
2.863061e-02,4.100000e-01
3.418509e-02,4.110000e-01
3.376045e-02,4.120000e-01
3.931869e-02,4.130000e-01
4.141440e-02,4.140000e-01
4.284779e-02,4.150000e-01
3.980605e-02,4.160000e-01
3.420316e-02,4.170000e-01
3.419519e-02,4.180000e-01
3.463230e-02,4.190000e-01
3.972550e-02,4.200000e-01
4.197932e-02,4.210000e-01
3.254567e-02,4.220000e-01
3.947001e-02,4.230000e-01
4.173122e-02,4.240000e-01
3.894830e-02,4.250000e-01
4.752619e-02,4.260000e-01
4.010927e-02,4.270000e-01
3.794841e-02,4.280000e-01
3.972223e-02,4.290000e-01
3.780014e-02,4.300000e-01
3.497285e-02,4.310000e-01
3.943544e-02,4.320000e-01
4.167663e-02,4.330000e-01
3.801122e-02,4.340000e-01
4.266285e-02,4.350000e-01
3.721444e-02,4.360000e-01
4.425173e-02,4.370000e-01
4.031164e-02,4.380000e-01
4.016164e-02,4.390000e-01
4.191337e-02,4.400000e-01
3.538294e-02,4.410000e-01
3.846347e-02,4.420000e-01
4.569356e-02,4.430000e-01
3.931523e-02,4.440000e-01
4.556075e-02,4.450000e-01
4.246999e-02,4.460000e-01
3.479154e-02,4.470000e-01
4.294667e-02,4.480000e-01
3.746581e-02,4.490000e-01
4.246736e-02,4.500000e-01
3.988413e-02,4.510000e-01
4.231630e-02,4.520000e-01
4.145844e-02,4.530000e-01
4.277423e-02,4.540000e-01
4.165482e-02,4.550000e-01
3.837881e-02,4.560000e-01
3.955497e-02,4.570000e-01
4.558418e-02,4.580000e-01
4.994302e-02,4.590000e-01
4.339367e-02,4.600000e-01
4.838866e-02,4.610000e-01
4.792530e-02,4.620000e-01
4.222079e-02,4.630000e-01
4.203334e-02,4.640000e-01
4.689735e-02,4.650000e-01
4.263976e-02,4.660000e-01
4.880070e-02,4.670000e-01
4.638461e-02,4.680000e-01
4.987672e-02,4.690000e-01
5.202201e-02,4.700000e-01
5.852126e-02,4.710000e-01
5.656107e-02,4.720000e-01
5.797208e-02,4.730000e-01
6.514265e-02,4.740000e-01
7.783594e-02,4.750000e-01
7.489130e-02,4.760000e-01
7.127420e-02,4.770000e-01
8.417220e-02,4.780000e-01
9.658642e-02,4.790000e-01
9.544210e-02,4.800000e-01
1.049638e-01,4.810000e-01
1.106122e-01,4.820000e-01
1.174817e-01,4.830000e-01
1.243242e-01,4.840000e-01
1.284382e-01,4.850000e-01
1.332420e-01,4.860000e-01
1.392645e-01,4.870000e-01
1.476345e-01,4.880000e-01
1.528486e-01,4.890000e-01
1.527718e-01,4.900000e-01
1.608556e-01,4.910000e-01
1.669990e-01,4.920000e-01
1.708387e-01,4.930000e-01
1.728791e-01,4.940000e-01
1.787822e-01,4.950000e-01
1.779880e-01,4.960000e-01
1.808603e-01,4.970000e-01
1.789673e-01,4.980000e-01
1.828063e-01,4.990000e-01
1.869513e-01,5.000000e-01
1.878298e-01,5.010000e-01
1.825532e-01,5.020000e-01
1.940050e-01,5.030000e-01
1.903141e-01,5.040000e-01
1.901660e-01,5.050000e-01
1.975401e-01,5.060000e-01
1.975924e-01,5.070000e-01
1.938332e-01,5.080000e-01
1.949495e-01,5.090000e-01
1.941575e-01,5.100000e-01
2.001542e-01,5.110000e-01
2.010009e-01,5.120000e-01
1.975908e-01,5.130000e-01
2.044146e-01,5.140000e-01
2.043013e-01,5.150000e-01
2.015480e-01,5.160000e-01
2.048985e-01,5.170000e-01
1.981228e-01,5.180000e-01
2.036579e-01,5.190000e-01
2.065578e-01,5.200000e-01
2.060786e-01,5.210000e-01
2.128535e-01,5.220000e-01
2.082032e-01,5.230000e-01
2.094325e-01,5.240000e-01
2.057140e-01,5.250000e-01
2.094185e-01,5.260000e-01
2.094656e-01,5.270000e-01
2.199164e-01,5.280000e-01
2.126875e-01,5.290000e-01
2.160992e-01,5.300000e-01
2.199888e-01,5.310000e-01
2.206897e-01,5.320000e-01
2.156505e-01,5.330000e-01
2.240946e-01,5.340000e-01
2.266740e-01,5.350000e-01
2.263439e-01,5.360000e-01
2.296659e-01,5.370000e-01
2.317191e-01,5.380000e-01
2.290057e-01,5.390000e-01
2.335623e-01,5.400000e-01
2.383458e-01,5.410000e-01
2.386437e-01,5.420000e-01
2.422278e-01,5.430000e-01
2.447782e-01,5.440000e-01
2.440698e-01,5.450000e-01
2.442518e-01,5.460000e-01
2.495188e-01,5.470000e-01
2.482862e-01,5.480000e-01
2.499633e-01,5.490000e-01
2.476263e-01,5.500000e-01
2.502434e-01,5.510000e-01
2.545610e-01,5.520000e-01
2.550805e-01,5.530000e-01
2.542816e-01,5.540000e-01
2.561158e-01,5.550000e-01
2.583024e-01,5.560000e-01
2.540902e-01,5.570000e-01
2.579656e-01,5.580000e-01
2.575432e-01,5.590000e-01
2.543902e-01,5.600000e-01
2.591654e-01,5.610000e-01
2.585067e-01,5.620000e-01
2.555266e-01,5.630000e-01
2.563508e-01,5.640000e-01
2.586706e-01,5.650000e-01
2.511745e-01,5.660000e-01
2.599282e-01,5.670000e-01
2.596694e-01,5.680000e-01
2.603011e-01,5.690000e-01
2.557076e-01,5.700000e-01
2.517618e-01,5.710000e-01
2.574045e-01,5.720000e-01
2.511884e-01,5.730000e-01
2.546530e-01,5.740000e-01
2.504402e-01,5.750000e-01
2.478798e-01,5.760000e-01
2.504439e-01,5.770000e-01
2.511243e-01,5.780000e-01
2.452210e-01,5.790000e-01
2.427143e-01,5.800000e-01
2.361819e-01,5.810000e-01
2.417207e-01,5.820000e-01
2.370986e-01,5.830000e-01
2.326429e-01,5.840000e-01
2.357713e-01,5.850000e-01
2.254508e-01,5.860000e-01
2.261387e-01,5.870000e-01
2.244363e-01,5.880000e-01
2.203296e-01,5.890000e-01
2.145694e-01,5.900000e-01
2.206123e-01,5.910000e-01
2.170041e-01,5.920000e-01
2.199330e-01,5.930000e-01
2.244056e-01,5.940000e-01
2.183117e-01,5.950000e-01
2.202084e-01,5.960000e-01
2.216080e-01,5.970000e-01
2.258380e-01,5.980000e-01
2.265745e-01,5.990000e-01
2.285095e-01,6.000000e-01
2.324149e-01,6.010000e-01
2.347492e-01,6.020000e-01
2.434360e-01,6.030000e-01
2.421811e-01,6.040000e-01
2.441799e-01,6.050000e-01
2.377807e-01,6.060000e-01
2.475535e-01,6.070000e-01
2.458444e-01,6.080000e-01
2.543744e-01,6.090000e-01
2.580029e-01,6.100000e-01
2.593142e-01,6.110000e-01
2.587732e-01,6.120000e-01
2.604389e-01,6.130000e-01
2.651647e-01,6.140000e-01
2.586739e-01,6.150000e-01
2.636961e-01,6.160000e-01
2.660637e-01,6.170000e-01
2.702563e-01,6.180000e-01
2.702196e-01,6.190000e-01
2.750121e-01,6.200000e-01
2.733620e-01,6.210000e-01
2.805305e-01,6.220000e-01
2.842593e-01,6.230000e-01
2.848208e-01,6.240000e-01
2.855142e-01,6.250000e-01
2.885993e-01,6.260000e-01
2.865475e-01,6.270000e-01
2.864011e-01,6.280000e-01
2.871324e-01,6.290000e-01
2.928664e-01,6.300000e-01
3.007260e-01,6.310000e-01
2.932504e-01,6.320000e-01
2.978588e-01,6.330000e-01
2.952433e-01,6.340000e-01
2.963587e-01,6.350000e-01
3.049917e-01,6.360000e-01
3.009725e-01,6.370000e-01
3.033136e-01,6.380000e-01
3.123853e-01,6.390000e-01
3.055941e-01,6.400000e-01
3.074418e-01,6.410000e-01
3.093707e-01,6.420000e-01
3.089084e-01,6.430000e-01
3.092905e-01,6.440000e-01
3.123901e-01,6.450000e-01
3.174571e-01,6.460000e-01
3.122255e-01,6.470000e-01
3.049181e-01,6.480000e-01
3.120631e-01,6.490000e-01
3.187608e-01,6.500000e-01
3.186108e-01,6.510000e-01
3.165822e-01,6.520000e-01
3.201772e-01,6.530000e-01
3.115116e-01,6.540000e-01
3.220808e-01,6.550000e-01
3.176308e-01,6.560000e-01
3.211321e-01,6.570000e-01
3.091014e-01,6.580000e-01
3.190984e-01,6.590000e-01
3.191274e-01,6.600000e-01
3.243553e-01,6.610000e-01
3.194268e-01,6.620000e-01
3.163646e-01,6.630000e-01
3.188425e-01,6.640000e-01
3.209933e-01,6.650000e-01
3.227442e-01,6.660000e-01
3.185816e-01,6.670000e-01
3.191628e-01,6.680000e-01
3.255085e-01,6.690000e-01
3.185738e-01,6.700000e-01
3.210690e-01,6.710000e-01
3.200763e-01,6.720000e-01
3.276554e-01,6.730000e-01
3.254496e-01,6.740000e-01
3.174853e-01,6.750000e-01
3.222567e-01,6.760000e-01
3.199252e-01,6.770000e-01
3.284398e-01,6.780000e-01
3.243770e-01,6.790000e-01
3.223441e-01,6.800000e-01
3.222993e-01,6.810000e-01
3.251048e-01,6.820000e-01
3.227443e-01,6.830000e-01
3.263932e-01,6.840000e-01
3.174391e-01,6.850000e-01
3.165137e-01,6.860000e-01
3.246306e-01,6.870000e-01
3.190704e-01,6.880000e-01
3.263552e-01,6.890000e-01
3.211880e-01,6.900000e-01
3.162278e-01,6.910000e-01
3.184408e-01,6.920000e-01
3.205009e-01,6.930000e-01
3.195040e-01,6.940000e-01
3.246252e-01,6.950000e-01
3.183661e-01,6.960000e-01
3.195966e-01,6.970000e-01
3.240143e-01,6.980000e-01
3.228128e-01,6.990000e-01
3.168505e-01,7.000000e-01
3.146284e-01,7.010000e-01
3.140447e-01,7.020000e-01
3.164803e-01,7.030000e-01
3.223127e-01,7.040000e-01
3.231140e-01,7.050000e-01
3.246814e-01,7.060000e-01
3.193772e-01,7.070000e-01
3.257041e-01,7.080000e-01
3.256874e-01,7.090000e-01
3.245613e-01,7.100000e-01
3.204426e-01,7.110000e-01
3.238767e-01,7.120000e-01
3.218806e-01,7.130000e-01
3.219507e-01,7.140000e-01
3.264478e-01,7.150000e-01
3.225403e-01,7.160000e-01
3.238951e-01,7.170000e-01
3.263815e-01,7.180000e-01
3.268763e-01,7.190000e-01
3.227369e-01,7.200000e-01
3.214756e-01,7.210000e-01
3.275427e-01,7.220000e-01
3.253636e-01,7.230000e-01
3.232597e-01,7.240000e-01
3.293722e-01,7.250000e-01
3.238269e-01,7.260000e-01
3.166103e-01,7.270000e-01
3.218486e-01,7.280000e-01
3.198572e-01,7.290000e-01
3.277832e-01,7.300000e-01
3.258833e-01,7.310000e-01
3.283219e-01,7.320000e-01
3.174149e-01,7.330000e-01
3.199782e-01,7.340000e-01
3.202988e-01,7.350000e-01
3.135974e-01,7.360000e-01
3.272584e-01,7.370000e-01
3.242132e-01,7.380000e-01
3.258129e-01,7.390000e-01
3.224129e-01,7.400000e-01
3.177528e-01,7.410000e-01
3.174738e-01,7.420000e-01
3.185197e-01,7.430000e-01
3.222682e-01,7.440000e-01
3.233209e-01,7.450000e-01
3.212432e-01,7.460000e-01
3.138274e-01,7.470000e-01
3.153869e-01,7.480000e-01
3.243293e-01,7.490000e-01
3.143078e-01,7.500000e-01
3.127240e-01,7.510000e-01
3.136353e-01,7.520000e-01
3.119580e-01,7.530000e-01
3.149988e-01,7.540000e-01
3.113269e-01,7.550000e-01
3.094775e-01,7.560000e-01
3.130906e-01,7.570000e-01
3.133462e-01,7.580000e-01
3.078313e-01,7.590000e-01
3.020771e-01,7.600000e-01
3.005063e-01,7.610000e-01
2.952346e-01,7.620000e-01
2.890405e-01,7.630000e-01
2.962269e-01,7.640000e-01
2.882364e-01,7.650000e-01
3.008198e-01,7.660000e-01
3.006643e-01,7.670000e-01
2.940837e-01,7.680000e-01
2.927538e-01,7.690000e-01
2.960999e-01,7.700000e-01
2.943757e-01,7.710000e-01
3.041577e-01,7.720000e-01
2.968655e-01,7.730000e-01
3.066139e-01,7.740000e-01
2.923125e-01,7.750000e-01
3.022084e-01,7.760000e-01
2.980705e-01,7.770000e-01
3.058105e-01,7.780000e-01
2.957428e-01,7.790000e-01
2.987903e-01,7.800000e-01
2.987374e-01,7.810000e-01
2.961715e-01,7.820000e-01
2.901691e-01,7.830000e-01
2.941011e-01,7.840000e-01
2.923113e-01,7.850000e-01
2.924042e-01,7.860000e-01
2.807000e-01,7.870000e-01
2.951303e-01,7.880000e-01
2.838832e-01,7.890000e-01
2.814657e-01,7.900000e-01
2.716100e-01,7.910000e-01
2.758269e-01,7.920000e-01
2.740816e-01,7.930000e-01
2.745941e-01,7.940000e-01
2.728340e-01,7.950000e-01
2.809112e-01,7.960000e-01
2.643373e-01,7.970000e-01
2.674297e-01,7.980000e-01
2.831840e-01,7.990000e-01
2.618540e-01,8.000000e-01
2.733850e-01,8.010000e-01
2.718476e-01,8.020000e-01
2.868373e-01,8.030000e-01
2.887379e-01,8.040000e-01
2.847514e-01,8.050000e-01
2.783594e-01,8.060000e-01
2.815185e-01,8.070000e-01
2.910497e-01,8.080000e-01
2.828388e-01,8.090000e-01
2.704486e-01,8.100000e-01
2.676455e-01,8.110000e-01
2.719702e-01,8.120000e-01
2.658039e-01,8.130000e-01
2.565053e-01,8.140000e-01
2.599691e-01,8.150000e-01
2.535642e-01,8.160000e-01
2.503797e-01,8.170000e-01
2.419167e-01,8.180000e-01
2.421745e-01,8.190000e-01
1.973672e-01,8.200000e-01
