2026-10-05 16:36:55.972964,Quartz,1.0,0.0,2.129288385801807e-26,Earth
2026-10-05 16:36:59.505165,Quartz,1.0,0.0,2.129288385801807e-26,Earth
2026-10-05 16:46:50.622479,Quartz,1.0,0.0,2.129288385801807e-26,Earth
2026-10-05 16:46:57.255049,Quartz,1.0,0.0,2.129288385801807e-26,Earth
2026-10-05 16:47:02.607795,Quartz,1.0,0.0,2.129288385801807e-26,Earth
2026-10-05 16:54:02.052933,Quartz,1.0,0.0,2.129288385801807e-26,Earth
2026-10-05 16:54:11.388863,Quartz,1.0,0.0,2.129288385801807e-26,Earth
2026-10-05 16:55:13.542087,Quartz,1.0,0.0,2.129288385801807e-26,Earth
2026-10-05 16:55:16.851985,Quartz,1.0,0.0,2.129288385801807e-26,Earth
2026-10-05 16:55:20.474745,Quartz,1.0,0.0,2.129288385801807e-26,Earth
2026-10-05 16:55:23.706840,Quartz,1.0,0.0,2.129288385801807e-26,Earth
2026-10-05 16:55:27.588816,Quartz,1.0,0.0,2.129288385801807e-26,Earth
2026-10-05 16:57:19.345395,Hematite,0.47,0.53,0.21323685963060346,Mars
2026-10-05 16:57:22.783100,Hematite,0.47,0.53,0.21323685963060346,Mars
2026-10-05 17:44:26.389462,Hematite,0.47,0.53,0.21323685963060346,Mars
2026-10-06 16:43:34.021074,Quartz,1.0,0.0,2.129288385801807e-26,Earth
2026-10-06 16:43:38.366338,Quartz,1.0,0.0,2.129288385801807e-26,Earth
2026-10-06 16:47:18.470235,Quartz,1.0,0.0,2.129288385801807e-26,Earth
2026-10-06 16:47:21.111994,Quartz,1.0,0.0,2.129288385801807e-26,Earth
2026-10-06 16:52:58.880384,Quartz,1.0,0.0,2.129288385801807e-26,Earth
2026-10-06 16:53:01.529656,Quartz,1.0,0.0,2.129288385801807e-26,Earth
2026-10-06 16:56:33.072609,Quartz,1.0,0.0,2.129288385801807e-26,Earth
2026-10-06 16:56:45.833179,Quartz,1.0,0.0,2.129288385801807e-26,Earth
2026-10-06 16:56:59.033157,Quartz,1.0,0.0,2.129288385801807e-26,Earth
2026-10-06 17:00:19.549837,Quartz,1.0,0.0,2.129288385801807e-26,Earth
2026-10-06 17:00:32.229634,Quartz,1.0,0.0,2.129288385801807e-26,Earth
2026-10-06 17:00:44.004921,Quartz,1.0,0.0,2.129288385801807e-26,Earth
2026-10-06 17:01:52.132540,Quartz,1.0,0.0,2.129288385801807e-26,Earth
2026-10-06 17:01:57.061934,Quartz,1.0,0.0,2.129288385801807e-26,Earth
2026-10-06 17:06:25.311693,Quartz,1.0,0.0,2.129288385801807e-26,Earth
2026-10-06 17:06:40.426843,Quartz,1.0,0.0,2.129288385801807e-26,Earth
2026-10-06 17:09:13.047100,Quartz,1.0,0.0,2.129288385801807e-26,Earth
2026-10-06 17:09:16.683680,Quartz,1.0,0.0,2.129288385801807e-26,Earth
2026-10-06 17:09:19.779342,Quartz,1.0,0.0,2.129288385801807e-26,Earth
2026-10-06 17:09:22.874801,Quartz,1.0,0.0,2.129288385801807e-26,Earth
2026-10-06 17:09:25.876436,Quartz,1.0,0.0,2.129288385801807e-26,Earth
2026-10-06 17:10:06.118006,Quartz,1.0,0.0,2.129288385801807e-26,Earth
2026-10-06 17:10:12.226414,Quartz,1.0,0.0,2.129288385801807e-26,Earth
2026-10-06 17:10:16.191420,Quartz,1.0,0.0,2.129288385801807e-26,Earth
2026-10-06 17:10:41.362846,Quartz,1.0,0.0,2.129288385801807e-26,Earth
2026-10-06 17:10:49.326615,Quartz,1.0,0.0,2.129288385801807e-26,Earth
2026-10-06 17:10:56.452713,Quartz,1.0,0.0,2.129288385801807e-26,Earth
2026-10-06 19:41:05.419031,Quartz,1.0,0.0,2.129288385801807e-26,Earth
2026-10-06 19:41:09.675641,Quartz,1.0,0.0,2.129288385801807e-26,Earth
2026-10-06 20:01:36.033983,Quartz,1.0,0.0,2.129288385801807e-26,Earth
2026-10-06 20:03:06.404423,Quartz,1.0,0.0,2.129288385801807e-26,Earth
2026-10-06 20:09:09.567277,Quartz,1.0,0.0,2.129288385801807e-26,Earth
2026-10-06 20:18:38.472512,Quartz,1.0,0.0,2.129288385801807e-26,Earth
2026-10-06 20:18:41.546608,Quartz,1.0,0.0,2.129288385801807e-26,Earth
2026-10-06 20:21:27.678208,Quartz,1.0,0.0,2.129288385801807e-26,Earth
2026-10-06 20:21:30.231948,Quartz,1.0,0.0,2.129288385801807e-26,Earth
2026-10-06 20:23:39.422298,Quartz,1.0,0.0,2.129288385801807e-26,Earth
2026-10-06 20:25:11.229206,Quartz,1.0,0.0,2.129288385801807e-26,Earth
2026-10-06 20:25:25.312218,Quartz,1.0,0.0,2.129288385801807e-26,Earth
2026-10-06 20:25:27.958929,Quartz,1.0,0.0,2.129288385801807e-26,Earth
2026-10-06 20:25:32.567704,Quartz,1.0,0.0,2.129288385801807e-26,Earth
2026-10-06 20:25:35.624085,Quartz,1.0,0.0,2.129288385801807e-26,Earth
2026-10-06 20:26:30.531867,Quartz,1.0,0.0,2.129288385801807e-26,Earth
2026-10-06 20:26:33.151150,Quartz,1.0,0.0,2.129288385801807e-26,Earth
2026-10-06 20:26:37.435689,Quartz,1.0,0.0,2.129288385801807e-26,Earth
2026-10-06 20:27:42.175232,Quartz,1.0,0.0,2.129288385801807e-26,Earth
2026-10-06 20:27:49.614064,Quartz,1.0,0.0,2.129288385801807e-26,Earth
2026-10-06 20:34:47.110621,Quartz,1.0,0.0,2.129288385801807e-26,Earth
2026-10-06 20:36:26.316711,Quartz,1.0,0.0,2.129288385801807e-26,Earth
2026-10-06 20:36:29.165133,Quartz,1.0,0.0,2.129288385801807e-26,Earth
2026-10-06 20:37:15.517765,Quartz,1.0,0.0,2.129288385801807e-26,Earth
2026-10-06 20:37:28.438846,Quartz,1.0,0.0,2.129288385801807e-26,Earth
2026-10-06 20:37:31.881643,Quartz,1.0,0.0,2.129288385801807e-26,Earth
